url,id,updated_at,created_at,title,lat,lon,labels,milestone,image,data,body,state
https://github.com/HackForItaly/politicamentecorretto_data/issues/58,290279083,2018-01-21 17:46:38,2018-01-21 15:00:09,Le promesse elettorali di Matteo #Renzi #Pd su scuola al Sud e povertà educativa ,,,"[u'ACCETTATO', u'ANNO_2018', u'FORM', u'POLITICHE', u'Scuola/Universit\xe0', u'Sud']",,,"{""Nome"": ""Matteo Renzi"", ""Nome fonte"": ""Il Messaggero"", ""data"": ""21/01/2018"", ""dichiarazione"": ""Il Pd si impegna a trasferire risorse per portare nel Mezzogiorno il tempo pieno nelle scuole ai livelli del centro-nord. Inoltre, per contrastare la \u00abpovert\u00e0 educativa\u00bb al Sud, nelle periferie urbane e nelle aree ad alta dispersione scolastica, prevede \u00abaree di priorit\u00e0 educativa\u00bb con docenti \u00abben pagati e formati ad hoc\u00bb."", ""id"": ""24325578"", ""test"": """", ""unapromessaID"": ""UQ47563"", ""urlfonte"": ""http://www.ilmessaggero.it/AMP/pd_assegno_per_ogni_figlio_fino_ai_25_anni-3497070.html?__twitter_impression=true""}","<pre><yamldata>Nome: 'Matteo Renzi'
data: 21/01/2018
Nome fonte: 'Il Messaggero'
urlfonte: 'http://www.ilmessaggero.it/AMP/pd_assegno_per_ogni_figlio_fino_ai_25_anni-3497070.html?__twitter_impression=true'
dichiarazione: 'Il Pd si impegna a trasferire risorse per portare nel Mezzogiorno il tempo pieno nelle scuole ai livelli del centro-nord. Inoltre, per contrastare la «povertà educativa» al Sud, nelle periferie urbane e nelle aree ad alta dispersione scolastica, prevede «aree di priorità educativa» con docenti «ben pagati e formati ad hoc».'
id: '24325578'
unapromessaID: 'UQ47563'
test: ''
</yamldata></pre>",open
https://github.com/HackForItaly/politicamentecorretto_data/issues/57,290279079,2018-01-21 17:47:00,2018-01-21 15:00:05,Le promesse elettorali di Matteo #Renzi #Pd su pensione minima per lavoratori precari o discontinui,,,"[u'ACCETTATO', u'ANNO_2018', u'FORM', u'Lavoro', u'POLITICHE', u'Pensioni']",,,"{""Nome"": ""Matteo Renzi"", ""Nome fonte"": ""Il Messaggero"", ""data"": ""21/01/2018"", ""dichiarazione"": ""Per chi ha cominciato a lavorare dopo il 1995 e ha una carriera discontinua o ha iniziato a versare tardi i contributi, attualmente non \u00e8 prevista la pensione minima. Il Pd propone un assegno di 750 euro, che in base al numero di anni lavorati, si alza fino a mille euro."", ""id"": ""24325537"", ""unapromessaID"": ""UQ47563"", ""urlfonte"": ""http://www.ilmessaggero.it/AMP/pd_assegno_per_ogni_figlio_fino_ai_25_anni-3497070.html?__twitter_impression=true""}","<pre><yamldata>Nome: 'Matteo Renzi'
data: 21/01/2018
Nome fonte: 'Il Messaggero'
urlfonte: 'http://www.ilmessaggero.it/AMP/pd_assegno_per_ogni_figlio_fino_ai_25_anni-3497070.html?__twitter_impression=true'
dichiarazione: 'Per chi ha cominciato a lavorare dopo il 1995 e ha una carriera discontinua o ha iniziato a versare tardi i contributi, attualmente non è prevista la pensione minima. Il Pd propone un assegno di 750 euro, che in base al numero di anni lavorati, si alza fino a mille euro.'
id: '24325537'
unapromessaID: 'UQ47563'
</yamldata></pre>",open
https://github.com/HackForItaly/politicamentecorretto_data/issues/56,290278738,2018-01-21 17:47:06,2018-01-21 14:55:08,Le promesse elettorali di Matteo #Renzi # Pd su indennità per non autosufficienza e disabilità ,,,"[u'ACCETTATO', u'ANNO_2018', u'FORM', u'POLITICHE', u'Welfare']",,,"{""Nome"": ""Matteo Renzi"", ""Nome fonte"": ""Il Messaggero"", ""data"": ""21/01/2018"", ""dichiarazione"": ""Per le famiglie che hanno in casa persone non autosufficienti il Pd propone (con uno stanziamento di 2 miliardi) di rafforzare e razionalizzare le risorse, inserendo una contribuzione aggiuntiva per gli anziani non autosufficienti. Questa nuova contribuzione arriver\u00e0 a raddoppiare l'attuale indennit\u00e0 di accompagnamento (che non gradua l'aiuto in base all'effettivo bisogno) nei casi di disabilit\u00e0 pi\u00f9 gravi."", ""id"": ""24325528"", ""unapromessaID"": ""UQ47563"", ""urlfonte"": ""http://www.ilmessaggero.it/AMP/pd_assegno_per_ogni_figlio_fino_ai_25_anni-3497070.html?__twitter_impression=true""}","<pre><yamldata>Nome: 'Matteo Renzi'
data: 21/01/2018
Nome fonte: 'Il Messaggero'
urlfonte: 'http://www.ilmessaggero.it/AMP/pd_assegno_per_ogni_figlio_fino_ai_25_anni-3497070.html?__twitter_impression=true'
dichiarazione: 'Per le famiglie che hanno in casa persone non autosufficienti il Pd propone (con uno stanziamento di 2 miliardi) di rafforzare e razionalizzare le risorse, inserendo una contribuzione aggiuntiva per gli anziani non autosufficienti. Questa nuova contribuzione arriverà a raddoppiare l''attuale indennità di accompagnamento (che non gradua l''aiuto in base all''effettivo bisogno) nei casi di disabilità più gravi.'
id: '24325528'
unapromessaID: 'UQ47563'
</yamldata></pre>",open
https://github.com/HackForItaly/politicamentecorretto_data/issues/55,290278734,2018-01-21 17:47:15,2018-01-21 14:55:06,"Le promesse elettorali di Matteo #Renzi #Pd su salario minimo, lavoro precario e formazione",,,"[u'ACCETTATO', u'ANNO_2018', u'FORM', u'Lavoro', u'POLITICHE']",,,"{""Nome"": ""Matteo Renzi"", ""Nome fonte"": ""Il Messaggero"", ""data"": ""21/01/2018"", ""dichiarazione"": ""Nella bozza programmatica il Pd ha inserito il salario minimo (dovrebbe essere di 8 euro l'ora) che riguarda quel 15-20% di lavoratori non coperti dai contratti nazionali o distaccati e provenienti dall'estero. Per favorire la stabilizzazione dei contratti a termine il Pd indica poi due misure. La prima: il taglio del cuneo contributivo sul lavoro a tempo indeterminato. Un punto percentuale all'anno, per portare il cuneo dal 33% al 29 entro la fine della prossima legislatura. La seconda misura \u00e8 una \u00abbuonuscita compensatoria\u00bb per i lavoratori temporanei: l'impresa che usa a lungo un lavoratore a termine senza stabilizzarlo, quando lo licenzia dovr\u00e0 dargli un tot di giorni retribuiti per quanti mesi \u00e8 stato in azienda. Prevista anche la \u00abdote formativa\u00bb, rendendo la formazione un diritto soggettivo: si parte a 18 anni con 150 ore di \u00abconto formazione\u00bb che il giovane lavoratore potr\u00e0 portarsi dietro anche se cambia azienda. Nello stesso pacchetto \u00e8 inserito il rafforzamento degli Istituti tecnici superiori: la \u00abformazione terziaria professionalizzante\u00bb (successiva al diploma di secondo grado) dovrebbe essere estesa in 5 anni a circa 100 mila giovani. Attualmente sono 9 mila."", ""id"": ""24325487"", ""unapromessaID"": ""UQ47563"", ""urlfonte"": ""http://www.ilmessaggero.it/AMP/pd_assegno_per_ogni_figlio_fino_ai_25_anni-3497070.html?__twitter_impression=true""}","<pre><yamldata>Nome: 'Matteo Renzi'
data: 21/01/2018
Nome fonte: 'Il Messaggero'
urlfonte: 'http://www.ilmessaggero.it/AMP/pd_assegno_per_ogni_figlio_fino_ai_25_anni-3497070.html?__twitter_impression=true'
dichiarazione: 'Nella bozza programmatica il Pd ha inserito il salario minimo (dovrebbe essere di 8 euro l''ora) che riguarda quel 15-20% di lavoratori non coperti dai contratti nazionali o distaccati e provenienti dall''estero. Per favorire la stabilizzazione dei contratti a termine il Pd indica poi due misure. La prima: il taglio del cuneo contributivo sul lavoro a tempo indeterminato. Un punto percentuale all''anno, per portare il cuneo dal 33% al 29 entro la fine della prossima legislatura. La seconda misura è una «buonuscita compensatoria» per i lavoratori temporanei: l''impresa che usa a lungo un lavoratore a termine senza stabilizzarlo, quando lo licenzia dovrà dargli un tot di giorni retribuiti per quanti mesi è stato in azienda. Prevista anche la «dote formativa», rendendo la formazione un diritto soggettivo: si parte a 18 anni con 150 ore di «conto formazione» che il giovane lavoratore potrà portarsi dietro anche se cambia azienda. Nello stesso pacchetto è inserito il rafforzamento degli Istituti tecnici superiori: la «formazione terziaria professionalizzante» (successiva al diploma di secondo grado) dovrebbe essere estesa in 5 anni a circa 100 mila giovani. Attualmente sono 9 mila.'
id: '24325487'
unapromessaID: 'UQ47563'
</yamldata></pre>",open
https://github.com/HackForItaly/politicamentecorretto_data/issues/54,290278353,2018-01-21 17:47:24,2018-01-21 14:50:05,Le promesse elettorali di Matteo #Renzi #Pd su bonus figli e madri lavoratrici,,,"[u'ACCETTATO', u'ANNO_2018', u'FORM', u'POLITICHE', u'Welfare']",,,"{""Nome"": ""Matteo Renzi"", ""Nome fonte"": ""Il Messaggero"", ""data"": ""21/01/2018"", ""dichiarazione"": ""Per favorire la natalit\u00e0 vengono superate gli attuali detrazioni e assegni e viene creato uno \u00abstrumento unico\u00bb a favore delle famiglie, graduato in base all'et\u00e0 e al numero dei figli: pi\u00f9 il bambino \u00e8 piccolo, pi\u00f9 forte \u00e8 il sostegno. Si tratta di 250 euro netti al mese (di taglio fiscale sui redditi dei genitori) per i bambini da 0 a 3 anni, 150-200 euro per i figli da 3 a 18, e 100 euro per la fascia d'et\u00e0 dai 18 ai 25 anni. Il contributo \u00e8 \u00abuniversale\u00bb: riguarda tutte le famiglie con reddito fino a 100 mila euro. Nello stesso pacchetto, che si chiama \u00abcarta universale dei servizi\u00bb, \u00e8 prevista una razionalizzazione dei bonus beb\u00e9, baby-sitter, asilo nido etc. che vengono raggruppati in un unico voucher di 400 euro mensili per le spese nei primi 3 anni di vita del bambino. E a favore delle mamme lavoratrici, il piano  prevede che il 30% di stipendio dei 6 mesi di congedo facoltativo venga tradotto in un voucher-servizi per le donne che tornano a lavorare e non sfruttano il congedo."", ""id"": ""24325454"", ""unapromessaID"": ""UQ47563"", ""urlfonte"": ""http://www.ilmessaggero.it/AMP/pd_assegno_per_ogni_figlio_fino_ai_25_anni-3497070.html?__twitter_impression=true""}","<pre><yamldata>Nome: 'Matteo Renzi'
data: 21/01/2018
Nome fonte: 'Il Messaggero'
urlfonte: 'http://www.ilmessaggero.it/AMP/pd_assegno_per_ogni_figlio_fino_ai_25_anni-3497070.html?__twitter_impression=true'
dichiarazione: 'Per favorire la natalità vengono superate gli attuali detrazioni e assegni e viene creato uno «strumento unico» a favore delle famiglie, graduato in base all''età e al numero dei figli: più il bambino è piccolo, più forte è il sostegno. Si tratta di 250 euro netti al mese (di taglio fiscale sui redditi dei genitori) per i bambini da 0 a 3 anni, 150-200 euro per i figli da 3 a 18, e 100 euro per la fascia d''età dai 18 ai 25 anni. Il contributo è «universale»: riguarda tutte le famiglie con reddito fino a 100 mila euro. Nello stesso pacchetto, che si chiama «carta universale dei servizi», è prevista una razionalizzazione dei bonus bebé, baby-sitter, asilo nido etc. che vengono raggruppati in un unico voucher di 400 euro mensili per le spese nei primi 3 anni di vita del bambino. E a favore delle mamme lavoratrici, il piano  prevede che il 30% di stipendio dei 6 mesi di congedo facoltativo venga tradotto in un voucher-servizi per le donne che tornano a lavorare e non sfruttano il congedo.'
id: '24325454'
unapromessaID: 'UQ47563'
</yamldata></pre>",open
https://github.com/HackForItaly/politicamentecorretto_data/issues/53,290258037,2018-01-21 16:10:53,2018-01-21 09:05:05,Le promesse elettorali di #MatteoSalvini #Lega sulla cartelle esattoriali ,,,"[u'ACCETTATO', u'ANNO_2018', u'FORM', u'Fiscalit\xe0', u'POLITICHE']",,,"{""Nome"": ""Matteo Salvini"", ""Nome fonte"": ""trasmissione televisiva La 7 con Lilly Gruber ore 20,30"", ""data"": ""21/01/2018"", ""dichiarazione"": ""Tutte le cartelle esattoriali inferiori a 100.000 euro saranno rottamate al 15% per dare la possibilit\u00e0 a chi non riesce a pagare di uscire da questo pantano. Si possono recuperare subito somme che altrimenti avrebbero ancora davanti anni ed anni di contenzioso."", ""id"": ""24318075"", ""urlfonte"": """"}","<pre><yamldata>Nome: 'Matteo Salvini'
data: 21/01/2018
Nome fonte: 'trasmissione televisiva La 7 con Lilly Gruber ore 20,30'
urlfonte: ''
dichiarazione: 'Tutte le cartelle esattoriali inferiori a 100.000 euro saranno rottamate al 15% per dare la possibilità a chi non riesce a pagare di uscire da questo pantano. Si possono recuperare subito somme che altrimenti avrebbero ancora davanti anni ed anni di contenzioso.'
id: '24318075'
</yamldata></pre>",open
https://github.com/HackForItaly/politicamentecorretto_data/issues/52,290217599,2018-01-21 16:47:00,2018-01-20 19:40:04,Le promesse elettorali di Stefano #Fassina # LeU su economia e riduzione del debito pubblico,,,"[u'ACCETTATO', u'ANNO_2018', u'Economia', u'Europa', u'FORM', u'POLITICHE']",,,"{""Nome"": ""Stefano Fassina"", ""Nome fonte"": ""Il Foglio"", ""data"": ""20/01/2018"", ""dichiarazione"": ""Due le strade parallele da percorrere per ridurre il debito pubblico italiano. Entrambe richiedono una qualche forma di cooperazione con le istituzioni europee, a partire dalla Bce, e con i principali partner dell\u2019eurozona: un Paese che non ha pi\u00f9 il controllo della politica monetaria, quindi anche della politica del cambio, della regolazione dei mercati di capitali e di merci e servizi, della politica di bilancio, non pu\u00f2 affrontare da solo la sfida del debito pubblico. La prima strada, con epicentro domestico, \u00e8 la crescita e la conversione ecologica dell\u2019economia, da accompagnare a un\u2019inflazione vicina al, ma sopra il, target del 2% previsto dalla Bce. In altri termini, le politiche nazionali e europee devono puntare sul denominatore del rapporto. Come? Attraverso gli investimenti pubblici in piccole opere, per riqualificare il territorio e rigenerare le periferie, e nelle politiche industriali selettive. Va qui evidenziato che l\u2019utilizzo alternativo, in investimenti pubblici, delle risorse spese dai governi Renzi e Gentiloni per decontribuzioni e bonus (oltre 30 miliardi) avrebbe alimentato la domanda interna in misura largamente superiore: Nens quantifica la maggiore variazione del Pil in circa un punto percentuale all\u2019anno. Infatti, una letteratura empirica sostanzialmente concorde stima il moltiplicatore della spesa pubblica in conto capitale, in contesti di deflazione e sotto-utilizzo delle capacit\u00e0 produttive, superiore a tre volte il moltiplicatore della imposte. Il contrario di quanto continuano ideologicamente a sostenere Alesina e Giavazzi (ancora una volta, l\u201911 Gennaio sul Corriere della Sera). Per attuare la linea di keynesismo ecologista ed evitare ripercussioni eccessive sulla bilancia commerciale, l\u2019altra variabile decisiva, rileva il comportamento di chi ha praticato e imposto politiche mercantiliste estreme: la Germania, con surplus estero al 9% del Pil, frena la discesa dei debiti pubblici e genera deficit di domanda interna e disoccupazione nel resto dell\u2019Eurozona. La seconda strada, di pari o superiore rilevanza, con epicentro a Bruxelles, anzi a Berlino e Francoforte, passa per un minimo di condivisione dei rischi sui tassi di interesse. Le difficolt\u00e0 politiche sono evidenti. Tuttavia, \u00e8 la soluzione da contrapporre alle proposte \u201ctedesche\u201d della Commissione Juncker, irricevibili in quanto aggravanti le divergenze territoriali e sociali. Per ridurre gli ostacoli politici, si incentra su meccanismi di mercato. E\u2019 stata formulata dal prof. Marcello Minenna in diversi scritti (ad es, su ZeroHedge del 21/12/17). In estrema sintesi, prevede: da un lato, l\u2019attribuzione al Fondo Salva-Stati (European Stability Mechanism) di funzioni di assicurazione dei debiti sovrani dietro il pagamento, da parte di ciascuno Stato dell\u2019eurozona, di un premio di mercato (pari alla differenza tra lo spread medio della zona euro e lo spread dello specifico Stato), cos\u00ec da arrivare, in un decennio, alla convergenza dei tassi di interesse, condizione normale, anzi necessaria alla sopravvivenza di un\u2019area a moneta unica; dall\u2019altro, il re-investimento da parte dell\u2019Esm dei premi pagati da ciascun Paese nel Paese stesso su programmi di infrastrutture verificati con l\u2019ausilio dell\u2019European Fiscal Board e co-finanziati da risorse nazionali escluse dal computo del deficit rilevante ai fini comunitari. In tale contesto, si pu\u00f2 archiviare il Fiscal Compact e ripristinare l\u2019art 81 della nostra Costituzione nella sua versione originaria.  E\u2019 una strategia complessa e difficile sul piano economico e sopratutto politico. Ma \u00e8 l\u2019unica realistica per rivitalizzare la \u201cRepubblica democratica, fondata sul lavoro\u201d."", ""id"": ""24311000"", ""urlfonte"": ""https://www.ilfoglio.it/economia/2018/01/17/news/liberi-e-uguali-investimenti-pubblici-in-italia-e-lotta-all-austerity-tedesca-in-europa-173493/""}","<pre><yamldata>Nome: 'Stefano Fassina'
data: 20/01/2018
Nome fonte: 'Il Foglio'
urlfonte: 'https://www.ilfoglio.it/economia/2018/01/17/news/liberi-e-uguali-investimenti-pubblici-in-italia-e-lotta-all-austerity-tedesca-in-europa-173493/'
dichiarazione: 'Due le strade parallele da percorrere per ridurre il debito pubblico italiano. Entrambe richiedono una qualche forma di cooperazione con le istituzioni europee, a partire dalla Bce, e con i principali partner dell’eurozona: un Paese che non ha più il controllo della politica monetaria, quindi anche della politica del cambio, della regolazione dei mercati di capitali e di merci e servizi, della politica di bilancio, non può affrontare da solo la sfida del debito pubblico. La prima strada, con epicentro domestico, è la crescita e la conversione ecologica dell’economia, da accompagnare a un’inflazione vicina al, ma sopra il, target del 2% previsto dalla Bce. In altri termini, le politiche nazionali e europee devono puntare sul denominatore del rapporto. Come? Attraverso gli investimenti pubblici in piccole opere, per riqualificare il territorio e rigenerare le periferie, e nelle politiche industriali selettive. Va qui evidenziato che l’utilizzo alternativo, in investimenti pubblici, delle risorse spese dai governi Renzi e Gentiloni per decontribuzioni e bonus (oltre 30 miliardi) avrebbe alimentato la domanda interna in misura largamente superiore: Nens quantifica la maggiore variazione del Pil in circa un punto percentuale all’anno. Infatti, una letteratura empirica sostanzialmente concorde stima il moltiplicatore della spesa pubblica in conto capitale, in contesti di deflazione e sotto-utilizzo delle capacità produttive, superiore a tre volte il moltiplicatore della imposte. Il contrario di quanto continuano ideologicamente a sostenere Alesina e Giavazzi (ancora una volta, l’11 Gennaio sul Corriere della Sera). Per attuare la linea di keynesismo ecologista ed evitare ripercussioni eccessive sulla bilancia commerciale, l’altra variabile decisiva, rileva il comportamento di chi ha praticato e imposto politiche mercantiliste estreme: la Germania, con surplus estero al 9% del Pil, frena la discesa dei debiti pubblici e genera deficit di domanda interna e disoccupazione nel resto dell’Eurozona. La seconda strada, di pari o superiore rilevanza, con epicentro a Bruxelles, anzi a Berlino e Francoforte, passa per un minimo di condivisione dei rischi sui tassi di interesse. Le difficoltà politiche sono evidenti. Tuttavia, è la soluzione da contrapporre alle proposte “tedesche” della Commissione Juncker, irricevibili in quanto aggravanti le divergenze territoriali e sociali. Per ridurre gli ostacoli politici, si incentra su meccanismi di mercato. E’ stata formulata dal prof. Marcello Minenna in diversi scritti (ad es, su ZeroHedge del 21/12/17). In estrema sintesi, prevede: da un lato, l’attribuzione al Fondo Salva-Stati (European Stability Mechanism) di funzioni di assicurazione dei debiti sovrani dietro il pagamento, da parte di ciascuno Stato dell’eurozona, di un premio di mercato (pari alla differenza tra lo spread medio della zona euro e lo spread dello specifico Stato), così da arrivare, in un decennio, alla convergenza dei tassi di interesse, condizione normale, anzi necessaria alla sopravvivenza di un’area a moneta unica; dall’altro, il re-investimento da parte dell’Esm dei premi pagati da ciascun Paese nel Paese stesso su programmi di infrastrutture verificati con l’ausilio dell’European Fiscal Board e co-finanziati da risorse nazionali escluse dal computo del deficit rilevante ai fini comunitari. In tale contesto, si può archiviare il Fiscal Compact e ripristinare l’art 81 della nostra Costituzione nella sua versione originaria.  E’ una strategia complessa e difficile sul piano economico e sopratutto politico. Ma è l’unica realistica per rivitalizzare la “Repubblica democratica, fondata sul lavoro”.'
id: '24311000'
</yamldata></pre>",open
https://github.com/HackForItaly/politicamentecorretto_data/issues/51,290217277,2018-01-21 17:07:25,2018-01-20 19:35:05,"Le promesse elettorali di Laura #Castelli #M5S su debito pubblico: stop austerità, sì a più investimenti e meno tasse ",,,"[u'ACCETTATO', u'ANNO_2018', u'Economia', u'FORM', u'Fiscalit\xe0', u'POLITICHE']",,,{},"<pre><yamldata>Nome: 'Laura Castelli'
data: 20/01/2018
Nome fonte: 'Il Foglio'
urlfonte: 'https://www.ilfoglio.it/economia/2018/01/17/news/m5s-basta-austerita-servono-piu-investimenti-e-meno-tasse-173491/'
dichiarazione: ‘I nostri mali incidono nella carne viva della nazione, con due emergenze che vanno risolte in via prioritaria: la bassa natalità e l’alto livello di disoccupazione, soprattutto giovanile.  Sul fronte delle famiglie, è fondamentale dare subito ai nuclei con uno o più figli un concreto sostegno economico che sia strutturale e che si emancipi dalla logica dei bonus estemporanei. La Francia spende oggi il 2,5% del Pil in welfare familiare, l’Italia solo l’1,5%, sotto la media europea. E’ intenzione del M5S raggiungere quantomeno il livello francese, rafforzando anche le garanzie per le madri lavoratrici di non perdere il posto di lavoro e incentivando le aziende a fare politiche di sostegno familiare.  Questo è un primo passo necessario, ma non sufficiente. Le giovani coppie stentano a fare figli perché spesso vivono una condizione di marginalità occupazionale: il lavoro non c’è o comunque è intermittente o precario. E per colpa del Jobs act è instabile anche quando viene considerato formalmente stabile: tanto che con le “tutele crescenti” è molto difficile farsi dare un mutuo in banca senza la garanzia dei genitori. D’altra parte è evidente a tutti che il governo Renzi ha fallito nella sua prima mission: rendere le stesse “tutele crescenti” il contratto preferito dagli imprenditori. Finiti gli incentivi contributivi, la dinamica delle assunzioni stabili si sta ormai esaurendo. Ed è lampante che, all’inizio del 2014, l’errore tecnico esiziale fu quello, commesso dal ministro Poletti, di operare la deregulation sui contratti a termine. Denunciammo già all’epoca che quel decreto avrebbe azzoppato la successiva riforma del Jobs act. Il neonato governo Renzi non ci diede ascolto: oggi i dati testimoniano in modo chiaro chi aveva ragione.  E’ venuto il momento, invece, di rovesciare la prospettiva e di creare occupazione di qualità rilanciando gli investimenti pubblici produttivi nei settori più promettenti e a più alto moltiplicatore. La spesa “buona” in conto capitale è la vera vittima della crisi (dall’inizio della recessione mondiale abbiamo perso circa il 25%). E nella fase di transizione, che può durare alcuni anni, le persone non possono essere lasciate sole: per questo sarà fondamentale il nostro Reddito di cittadinanza, grazie al quale chiunque potrà vivere dignitosamente, e senza parassitismi, mentre si forma e cerca lavoro.  Infine, c’è il problema rilevante del debito pubblico che è in continua crescita, un debito che lasciamo proprio alle future generazioni. E’ un tema gigantesco che non si può più trascurare proprio per il bene dei nostri figli. Il M5S sta lavorando ad un piano ambizioso che punta a ridurre il rapporto debito/Pil di 40 punti percentuali nel corso di due legislature.  Il piano parte dal presupposto che l’austerità ha fallito, perché i tagli lineari alle spese sociali e produttive hanno depresso ulteriormente il Pil, innalzando il livello del debito in rapporto alla ricchezza. Insistere sulla strada del Fiscal compact rischia di portarci alla devastazione del nostro welfare. Ciò che proponiamo, allora, è un mix intelligente di investimenti e razionalizzazione della spesa, con l’eliminazione degli sprechi e dei privilegi che va a finanziare la riduzione strutturale delle tasse. Quindi una prima fase di investimenti in settori innovativi con un fortissimo ritorno occupazionale e di crescita e una seconda fase in cui ci si avvale delle maggiori entrate per la riduzione sostanziale del debito/Pil. Solo così riusciremo a rimettere l’economia in carreggiata e ad occuparci, nello stesso momento, delle persone.'
id: '24310957'
unapromessaID: ‘UQ16571306’
</yamldata></pre>",open
https://github.com/HackForItaly/politicamentecorretto_data/issues/50,290214441,2018-01-21 09:02:53,2018-01-20 18:55:05,Le promesse elettorali di Maurizio #Lupi #noiconitalia: zero tasse per negozi di periferia presidi di sicurezza,,,"[u'ACCETTATO', u'ANNO_2018', u'FORM', u'Fiscalit\xe0', u'POLITICHE', u'Sicurezza']",,,"{""Nome"": ""Maurizio Lupi"", ""Nome fonte"": ""twitter @Maurizio_Lupi"", ""data"": ""20/01/2018"", ""dichiarazione"": ""Zero tasse per negozi di periferia, sono presidi di sicurezza. I negozi di periferia vanno intesi anche come presidi sociali del territorio. La presenza di un\u2019attivit\u00e0 commerciale in zone difficili delle nostre citt\u00e0 \u00e8 un valore da difendere e da valorizzare, la nostra proposta \u00e8 prevedere per loro."", ""id"": ""24310509"", ""urlfonte"": ""https://twitter.com/Maurizio_Lupi/status/954004701393104896""}","<pre><yamldata>Nome: 'Maurizio Lupi'
data: 20/01/2018
Nome fonte: 'twitter @Maurizio_Lupi'
urlfonte: 'https://twitter.com/Maurizio_Lupi/status/954004701393104896'
dichiarazione: 'Zero tasse per negozi di periferia, sono presidi di sicurezza. I negozi di periferia vanno intesi anche come presidi sociali del territorio. La presenza di un’attività commerciale in zone difficili delle nostre città è un valore da difendere e da valorizzare, la nostra proposta è prevedere per loro.'
id: '24310509'
</yamldata></pre>",open
https://github.com/HackForItaly/politicamentecorretto_data/issues/49,290212799,2018-01-20 19:02:39,2018-01-20 18:30:10,Le promesse elettorali di Raffaele #Fitto #noiconitalia su reintroduzione concordato preventivo per imprese e partite IVA,,,"[u'ACCETTATO', u'ANNO_2018', u'Economia', u'FORM', u'Lavoro', u'POLITICHE']",,,"{""Nome"": ""Raffaele Fitto"", ""Nome fonte"": ""twitter @RaffaeleFitto"", ""data"": ""20/01/2018"", ""dichiarazione"": ""Con noi al Governo sar\u00e0 reitrodotto il concordato preventivo per Partite Iva e Imprese. Perch\u00e9 nei confronti di coloro che producono dobbiamo smetterla di avere un Fisco ostile"", ""id"": ""24310190"", ""urlfonte"": ""https://twitter.com/RaffaeleFitto/status/954141371350376448""}","<pre><yamldata>Nome: 'Raffaele Fitto'
data: 20/01/2018
Nome fonte: 'twitter @RaffaeleFitto'
urlfonte: 'https://twitter.com/RaffaeleFitto/status/954141371350376448'
dichiarazione: 'Con noi al Governo sarà reitrodotto il concordato preventivo per Partite Iva e Imprese. Perché nei confronti di coloro che producono dobbiamo smetterla di avere un Fisco ostile'
id: '24310190'
</yamldata></pre>",open
https://github.com/HackForItaly/politicamentecorretto_data/issues/48,290212794,2018-01-20 18:59:45,2018-01-20 18:30:07,Le promesse elettorali di Renato #Brunetta #FI su regionalismo e assetto istituzionale,,,"[u'ACCETTATO', u'ANNO_2018', u'FORM', u'POLITICHE', u'Sud']",,,"{""Nome"": ""Renato Brunetta"", ""Nome fonte"": ""Diario del web"", ""data"": ""20/01/2018"", ""dichiarazione"": ""\""Brunetta intervistato dal Mattino ha dichiarato: \""\""anche il centrodestra ha il suo piano per il Sud, una piattaforma molto complessa. Terremo in tutta Italia referendum sull'autonomia sul modello lombardo-veneto per creare un regionalismo a geometria variabile, basato sui fabbisogni e sui costi standard. Saranno i territori a decidere quali competenze dell'articolo 116 della Costituzione richiedere e le relative risorse. Lo slogan sar\u00e0 'uno Stato meno invadente al Nord e pi\u00f9 efficiente al Sud'. Poi ci sar\u00e0 un grande piano infrastrutturale, perch\u00e9 al Meridione va garantita una perequazione di capitale fisico e umano con il resto del Paese, con risorse legate a un migliore uso delle potenzialit\u00e0 dei fondi europei\""\"".\"""", ""id"": ""24310187"", ""urlfonte"": ""https://amp.diariodelweb.it/italia/articolo/?nid=20180120-480320&__twitter_impression=true""}","<pre><yamldata>Nome: 'Renato Brunetta'
data: 20/01/2018
Nome fonte: 'Diario del web'
urlfonte: 'https://amp.diariodelweb.it/italia/articolo/?nid=20180120-480320&__twitter_impression=true'
dichiarazione: '""Brunetta intervistato dal Mattino ha dichiarato: """"anche il centrodestra ha il suo piano per il Sud, una piattaforma molto complessa. Terremo in tutta Italia referendum sull''autonomia sul modello lombardo-veneto per creare un regionalismo a geometria variabile, basato sui fabbisogni e sui costi standard. Saranno i territori a decidere quali competenze dell''articolo 116 della Costituzione richiedere e le relative risorse. Lo slogan sarà ''uno Stato meno invadente al Nord e più efficiente al Sud''. Poi ci sarà un grande piano infrastrutturale, perché al Meridione va garantita una perequazione di capitale fisico e umano con il resto del Paese, con risorse legate a un migliore uso delle potenzialità dei fondi europei"""".""'
id: '24310187'
</yamldata></pre>",open
https://github.com/HackForItaly/politicamentecorretto_data/issues/47,290212791,2018-01-20 22:14:07,2018-01-20 18:30:05,"Le promesse elettorali di Renato #Brunetta #FI su jobs act, pensioni e legge Madia",,,"[u'ACCETTATO', u'ANNO_2018', u'FORM', u'Lavoro', u'Pensioni']",,,"{""Nome"": ""Renato Brunetta"", ""Nome fonte"": ""Diario del web"", ""data"": ""20/01/2018"", ""dichiarazione"": ""\u00abL'ultima riforma pensionistica, la legge Fornero, \u00e8 scritta male, lo dimostrano le 8 salvaguardie agli esodati, costate 13 miliardi. Alla sostenibilit\u00e0 economica si deve aggiungere quella sociale. Che al momento non c'\u00e8\u00bb. Addio al Jobs Act, \u00abavremo una legge Biagi 4.0. Soprattutto bisogna intervenire sull'articolo 18: Renzi ha lasciato forme ibride di compromesso, noi puntiamo a un vero superamento con un indennizzo\u00bb. Renato Brunetta, capogruppo di Forza Italia alla Camera dei deputati, a \""\""Il Mattino\""\"". E poi \u00abcancellazione della ridicola legge Madia e ritorno alla mia riforma\u00bb."", ""id"": ""24310107"", ""urlfonte"": ""https://amp.diariodelweb.it/italia/articolo/?nid=20180120-480320&__twitter_impression=true""}","<pre><yamldata>Nome: 'Renato Brunetta'
data: 20/01/2018
Nome fonte: 'Diario del web'
urlfonte: 'https://amp.diariodelweb.it/italia/articolo/?nid=20180120-480320&__twitter_impression=true'
dichiarazione: '«L''ultima riforma pensionistica, la legge Fornero, è scritta male, lo dimostrano le 8 salvaguardie agli esodati, costate 13 miliardi. Alla sostenibilità economica si deve aggiungere quella sociale. Che al momento non c''è». Addio al Jobs Act, «avremo una legge Biagi 4.0. Soprattutto bisogna intervenire sull''articolo 18: Renzi ha lasciato forme ibride di compromesso, noi puntiamo a un vero superamento con un indennizzo». Renato Brunetta, capogruppo di Forza Italia alla Camera dei deputati, a """"Il Mattino"""". E poi «cancellazione della ridicola legge Madia e ritorno alla mia riforma».'
id: '24310107'
</yamldata></pre>",open
https://github.com/HackForItaly/politicamentecorretto_data/issues/46,290212096,2018-01-20 18:40:35,2018-01-20 18:20:06,Le promesse elettorali di Raffaele #Fitto #noiconitalia su riduzione IRPEF per ceto medio,,,"[u'ACCETTATO', u'ANNO_2018', u'FORM', u'Fiscalit\xe0', u'POLITICHE']",,,"{""Nome"": ""Raffaele Fitto"", ""Nome fonte"": ""twitter @RaffaeleFitto"", ""data"": ""20/01/2018"", ""dichiarazione"": ""Taglio delle tasse intervenendo gradualmente su Irpef per ceto medio vale a dire i redditi tra i 28 e i 55mila che sono state le fasce che si sono maggiormente impoverite dalla crisi dalla quale non siamo del tutto usciti"", ""id"": ""24309811"", ""urlfonte"": ""https://twitter.com/RaffaeleFitto/status/954141258016059392"", ""wikidata"": ""Q1060314""}","<pre><yamldata>Nome: 'Raffaele Fitto'
data: 20/01/2018
Nome fonte: 'twitter @RaffaeleFitto'
urlfonte: 'https://twitter.com/RaffaeleFitto/status/954141258016059392'
dichiarazione: 'Taglio delle tasse intervenendo gradualmente su Irpef per ceto medio vale a dire i redditi tra i 28 e i 55mila che sono state le fasce che si sono maggiormente impoverite dalla crisi dalla quale non siamo del tutto usciti'
id: '24309811'
wikidata: 'Q1060314'
</yamldata></pre>",open
https://github.com/HackForItaly/politicamentecorretto_data/issues/45,290210670,2018-01-20 18:04:25,2018-01-20 18:00:05,Le promesse elettorali di Dario #Violi #M5S su disapplicazione direttiva Bolkestein per commercio ambulante,,,"[u'ACCETTATO', u'ANNO_2018', u'Economia', u'Europa', u'FORM', u'Lavoro', u'Lombardia', u'REGIONALI']",,,"{""Nome"": ""Dario Violi"", ""Nome fonte"": ""www.lombardia5stelle.it"", ""data"": ""20/01/2018"", ""dichiarazione"": ""Gli ambulanti sono un tassello fondamentale del nostro sistema commerciale: per questo il #M5S li difende da quando ha messo piede in Consiglio Regionale. E\u2019 gente che lavora all\u2019aperto dalla mattina alla sera, che si sveglia all\u2019alba e che \u00e8 vessata da una burocrazia caotica e contraddittoria. Il loro lavoro non deve rientrare nella Bolkestein, una direttiva europea che sta creando solo dubbi e incertezza. Certo, il settore va regolamentato: con le liberalizzazioni purtroppo \u00e8 arrivato di tutto, i furbi che non fanno gli scontrini e i prodotti non tracciabili; per questo i disonesti vanno espulsi, vanno fatti controlli seri e chi non paga deve andare a casa."", ""id"": ""24309483"", ""urlfonte"": ""http://www.lombardia5stelle.it/2018/01/19/m5s-si-battera-gli-ambulanti-la-direttiva-bolkestein/""}","<pre><yamldata>Nome: 'Dario Violi'
data: 20/01/2018
Nome fonte: 'www.lombardia5stelle.it'
urlfonte: 'http://www.lombardia5stelle.it/2018/01/19/m5s-si-battera-gli-ambulanti-la-direttiva-bolkestein/'
dichiarazione: 'Gli ambulanti sono un tassello fondamentale del nostro sistema commerciale: per questo il #M5S li difende da quando ha messo piede in Consiglio Regionale. E’ gente che lavora all’aperto dalla mattina alla sera, che si sveglia all’alba e che è vessata da una burocrazia caotica e contraddittoria. Il loro lavoro non deve rientrare nella Bolkestein, una direttiva europea che sta creando solo dubbi e incertezza. Certo, il settore va regolamentato: con le liberalizzazioni purtroppo è arrivato di tutto, i furbi che non fanno gli scontrini e i prodotti non tracciabili; per questo i disonesti vanno espulsi, vanno fatti controlli seri e chi non paga deve andare a casa.'
id: '24309483'
</yamldata></pre>",open
https://github.com/HackForItaly/politicamentecorretto_data/issues/44,290208068,2018-01-20 18:41:43,2018-01-20 17:25:05,Le promesse elettorali di Beatrice #Lorenzin #civicapopolare su nidi gratis e patto per natalità,,,"[u'ACCETTATO', u'ANNO_2018', u'FORM', u'POLITICHE', u'Scuola/Universit\xe0', u'Welfare']",,,"{""Nome"": ""Beatrice Lorenzin"", ""Nome fonte"": ""twitter @BeaLorenzin"", ""data"": ""18/01/2018"", ""dichiarazione"": ""Il calo demografico italiano incider\u00e0 sulla sostenibilit\u00e0 del sistema previdenziale, sanitario e di welfare ma anche su occupazione e sviluppo sociale e culturale. Serve forte sostegno alle famiglie come nostra proposta di garantire #asilinidogratis. Serve un #pattoXnatalit\u00e0"", ""id"": ""24308749"", ""urlfonte"": ""https://twitter.com/BeaLorenzin/status/954012431889633283"", ""wikidata"": ""Q3637263""}","<pre><yamldata>Nome: 'Beatrice Lorenzin'
data: 18/01/2018
Nome fonte: 'twitter @BeaLorenzin'
urlfonte: 'https://twitter.com/BeaLorenzin/status/954012431889633283'
dichiarazione: 'Il calo demografico italiano inciderà sulla sostenibilità del sistema previdenziale, sanitario e di welfare ma anche su occupazione e sviluppo sociale e culturale. Serve forte sostegno alle famiglie come nostra proposta di garantire #asilinidogratis. Serve un #pattoXnatalità'
id: '24308749'
wikidata: 'Q3637263'
</yamldata></pre>",open
https://github.com/HackForItaly/politicamentecorretto_data/issues/43,290207732,2018-01-20 18:42:10,2018-01-20 17:20:05,"Le promesse elettorali di #MatteoSalvini #Lega su immigrazione, carcere e sicurezza",,,"[u'ACCETTATO', u'ANNO_2018', u'FORM', u'Immigrazione', u'Legalit\xe0', u'POLITICHE', u'Sicurezza']",,,"{""Nome"": ""Matteo Salvini"", ""Nome fonte"": ""twitter @matteosalvinimi"", ""data"": ""20/01/2018"", ""dichiarazione"": ""Lavoro obbligatorio in carcere, per tutti i condannati con pena definitiva, come in Austria. E con quei soldi, aumentare gli stipendi degli agenti di Polizia Penitenziaria. Espulsione per tutti i delinquenti stranieri."", ""id"": ""24308630"", ""urlfonte"": ""https://twitter.com/matteosalvinimi/status/954733294746324993"", ""wikidata"": ""Q1055449""}","<pre><yamldata>Nome: 'Matteo Salvini'
data: 20/01/2018
Nome fonte: 'twitter @matteosalvinimi'
urlfonte: 'https://twitter.com/matteosalvinimi/status/954733294746324993'
dichiarazione: 'Lavoro obbligatorio in carcere, per tutti i condannati con pena definitiva, come in Austria. E con quei soldi, aumentare gli stipendi degli agenti di Polizia Penitenziaria. Espulsione per tutti i delinquenti stranieri.'
id: '24308630'
wikidata: 'Q1055449'
</yamldata></pre>",open
https://github.com/HackForItaly/politicamentecorretto_data/issues/42,290206981,2018-01-20 17:46:54,2018-01-20 17:10:04,Le promesse elettorali di Giulia #Bongiorno #Lega su violenza contro le donne e immigrazione,,,"[u'ACCETTATO', u'ANNO_2018', u'FORM', u'Immigrazione', u'POLITICHE', u'Questioni di genere', u'Sicurezza']",,,"{""Nome"": ""Giulia Bongiorno"", ""Nome fonte"": ""Vanity Fair"", ""data"": ""20/01/2018"", ""dichiarazione"": ""\u00abistituzione di una sorta di codice rosso per le denunce di violenza, che permetta di identificare i casi in cui serve un intervento immediato e urgente. E l\u2019introduzione del reato di alienazione parentale, per punire i genitori che, in caso di separazione, strumentalizzano i minori aizzandoli contro l\u2019altro genitore\u00bb.  \u00ab regolamentare l\u2019immigrazione significa tutelare la donna. \u00c8 innegabile che molti degli uomini che arrivano in Europa provengono da territori in cui la donna \u00e8 considerata un essere inferiore e spesso non si adeguano alla visione della donna che c\u2019\u00e8 in Europa. Regolare il loro afflusso, significa evitare che in Italia le donne, sia italiane sia straniere, siano oggetto di violenze\u00bb."", ""id"": ""24308109"", ""urlfonte"": ""https://www.vanityfair.it/news/politica/2018/01/19/giulia-bongiorno-meno-immigrati-anche-per-tutelare-le-donne""}","<pre><yamldata>Nome: 'Giulia Bongiorno'
data: 20/01/2018
Nome fonte: 'Vanity Fair'
urlfonte: 'https://www.vanityfair.it/news/politica/2018/01/19/giulia-bongiorno-meno-immigrati-anche-per-tutelare-le-donne'
dichiarazione: '«istituzione di una sorta di codice rosso per le denunce di violenza, che permetta di identificare i casi in cui serve un intervento immediato e urgente. E l’introduzione del reato di alienazione parentale, per punire i genitori che, in caso di separazione, strumentalizzano i minori aizzandoli contro l’altro genitore».  « regolamentare l’immigrazione significa tutelare la donna. È innegabile che molti degli uomini che arrivano in Europa provengono da territori in cui la donna è considerata un essere inferiore e spesso non si adeguano alla visione della donna che c’è in Europa. Regolare il loro afflusso, significa evitare che in Italia le donne, sia italiane sia straniere, siano oggetto di violenze».'
id: '24308109'
</yamldata></pre>",open
https://github.com/HackForItaly/politicamentecorretto_data/issues/41,290203283,2018-01-21 17:12:12,2018-01-20 16:16:43,Le promesse elettorali di Silvio #Berlusconi su animali e cure veterinarie,,,"[u'ACCETTATO', u'ANNO_2018', u'POLITICHE', u'Varie']",,,{},"Nome: 'Le promesse elettorali di Silvio Berlusconi su animali e cure veterinarie'
data: 20/01/2018
Nome fonte: 'TgCom'
urlfonte: 'http://www.tgcom24.mediaset.it/politica/speciale-politiche-2018/berlusconi-con-la-brambilla-candidati-animalisti-nelle-liste-di-forza-italia-_3118448-201802a.shtml'
dichiarazione: '""Diremo stop agli allevamenti per pellicce"" - In Forza Italia ""ci saranno candidati del Movimento Animalista di Michela Vittoria Brambilla, di cui saranno condivise tutte le proposte"". Lo ha detto Silvio Berlusconi promettendo lo ""stop all'allevamento di animali per pelliccia, stop agli animali inscatolati nei circhi, via gli animali dal redditometro e istituzione di un garante per i diritti degli animali""
id: ",open
https://github.com/HackForItaly/politicamentecorretto_data/issues/40,290201096,2018-01-20 17:28:16,2018-01-20 15:45:05,Le promesse elettorali di #GiorgioGori #PD: realizzazione di un Museo del Design al Pirellone,,,"[u'ACCETTATO', u'ANNO_2018', u'Arte e cultura', u'Economia', u'FORM', u'POLITICHE']",,,"{""Nome"": ""Giorgio Gori"", ""Nome fonte"": ""Twitter giorgio_gori"", ""data"": ""20/01/2018"", ""dichiarazione"": ""S\u00ec all\u2019idea di ospitare al Pirellone il Museo del Design che Milano attende, un museo permanente che celebri la grandezza di Milano e della Brianza nella costruzione di oggetti, macchine e arredi: lo realizzeremo nei prossimi 5 anni."", ""id"": ""24306367"", ""urlfonte"": ""https://twitter.com/giorgio_gori/status/954622158919135232""}","<pre><yamldata>Nome: 'Giorgio Gori'
data: 20/01/2018
Nome fonte: 'Twitter giorgio_gori'
urlfonte: 'https://twitter.com/giorgio_gori/status/954622158919135232'
dichiarazione: 'Sì all’idea di ospitare al Pirellone il Museo del Design che Milano attende, un museo permanente che celebri la grandezza di Milano e della Brianza nella costruzione di oggetti, macchine e arredi: lo realizzeremo nei prossimi 5 anni.'
id: '24306367'
</yamldata></pre>",open
https://github.com/HackForItaly/politicamentecorretto_data/issues/39,290194269,2018-01-20 16:31:12,2018-01-20 14:00:05,Le promesse elettorali di Attilio #Fontana #Lega su controlli ambientali e manutenzioni stradali,,,"[u'ACCETTATO', u'ANNO_2018', u'Ambiente e territorio', u'FORM', u'Lombardia', u'POLITICHE']",,,"{""Nome"": ""Attilio Fontana"", ""Nome fonte"": ""Twitter @FontanaPres"", ""data"": ""20/01/2018"", ""dichiarazione"": ""Pi\u00f9 fondi ad ARPA per controlli ambientali e alla provincia per manutenzione strade e ponti"", ""id"": ""24304770"", ""urlfonte"": ""https://twitter.com/FontanaPres/status/954670484439920640?s=09""}","<pre><yamldata>Nome: 'Attilio Fontana'
data: 20/01/2018
Nome fonte: 'Twitter @FontanaPres'
urlfonte: 'https://twitter.com/FontanaPres/status/954670484439920640?s=09'
dichiarazione: 'Più fondi ad ARPA per controlli ambientali e alla provincia per manutenzione strade e ponti'
id: '24304770'
</yamldata></pre>",open
https://github.com/HackForItaly/politicamentecorretto_data/issues/38,290181009,2018-01-20 21:49:28,2018-01-20 10:10:04,Le promesse elettorali di Roberta #Lombardi #M5S su miglioramento normativa regionale per attività imprese,,,"[u'ACCETTATO', u'ANNO_2018', u'Economia', u'FORM', u'Lazio', u'REGIONALI']",,,"{""Nome"": ""Roberta lombardi"", ""Nome fonte"": ""pagina Facebook RobertaLombardiPortavoce"", ""data"": ""20/01/2018"", ""dichiarazione"": ""Il MoVimento 5 Stelle vuole semplificare le normative, vuole abolire leggi inutili, \u00e8 inaccettabile che oggi un giovane (e non solo) per fare impresa debba aspettare mesi e mesi perch\u00e9 un foglio viene dimenticato in un cassetto di un ufficio regionale. Le cose possono cambiare, basta mettersi a lavoro e fare, credetemi, l\u2019ordinario. Perch\u00e9 quel che \u00e8 mancato finora \u00e8 stato proprio l\u2019ordinario. Zingaretti e i suoi in 5 anni non hanno mai varato, in ordine: -Un piano territoriale paesistico regionale. L\u2019ultimo \u00e8 del 2007, doveva essere approvato entro il 2012 e ancora oggi non \u00e8 stato approvato. -Un Piano per il testo unico per il commercio. -Un Testo unico edilizia. -Un Testo unico urbanistica.  -Un piano per il turismo.  Noi lo faremo! Ai giovani imprenditori del Lazio ho anche annunciato la mia volont\u00e0 di aprire in Regione un \u201cTavolo permanente\u201d affinch\u00e9 tutte le associazioni di impresa possano essere rappresentate e partecipare attivamente, insieme alla futura giunta M5S, al rilancio dell\u2019economia laziale."", ""id"": ""24300376"", ""urlfonte"": ""https://www.facebook.com/RobertaLombardiPortavoce/posts/1553333791441742"", ""wikidata"": ""Q6508991""}","<pre><yamldata>Nome: 'Roberta lombardi'
data: 20/01/2018
Nome fonte: 'pagina Facebook RobertaLombardiPortavoce'
urlfonte: 'https://www.facebook.com/RobertaLombardiPortavoce/posts/1553333791441742'
dichiarazione: 'Il MoVimento 5 Stelle vuole semplificare le normative, vuole abolire leggi inutili, è inaccettabile che oggi un giovane (e non solo) per fare impresa debba aspettare mesi e mesi perché un foglio viene dimenticato in un cassetto di un ufficio regionale. Le cose possono cambiare, basta mettersi a lavoro e fare, credetemi, l’ordinario. Perché quel che è mancato finora è stato proprio l’ordinario. Zingaretti e i suoi in 5 anni non hanno mai varato, in ordine: -Un piano territoriale paesistico regionale. L’ultimo è del 2007, doveva essere approvato entro il 2012 e ancora oggi non è stato approvato. -Un Piano per il testo unico per il commercio. -Un Testo unico edilizia. -Un Testo unico urbanistica.  -Un piano per il turismo.  Noi lo faremo! Ai giovani imprenditori del Lazio ho anche annunciato la mia volontà di aprire in Regione un “Tavolo permanente” affinché tutte le associazioni di impresa possano essere rappresentate e partecipare attivamente, insieme alla futura giunta M5S, al rilancio dell’economia laziale.'
id: '24300376'
wikidata: 'Q6508991'
</yamldata></pre>",open
https://github.com/HackForItaly/politicamentecorretto_data/issues/37,290180502,2018-01-20 10:17:25,2018-01-20 10:00:06,Le promesse elettorali di #GiorgioGori #PD su lavoro e welfare,,,"[u'ACCETTATO', u'ANNO_2018', u'FORM', u'Lavoro', u'Lombardia', u'REGIONALI', u'Welfare']",,,"{""Nome"": ""Giorgio Gori"", ""Nome fonte"": ""Il Foglio"", ""data"": ""20/01/2018"", ""dichiarazione"": ""\""\""\"" Tre priorit\u00e0: lavoro, lavoro, lavoro\u2019. Vuol dire potenziare il sistema dell\u2019istruzione professionale, che \u00e8 competenza regionale, e il welfare. Il basso accesso delle donne nel lavoro \u00e8 anche causato dal poco che si \u00e8 fatto per gli asili nido e per il sostegno dei malati: finisce che sono spesso le donne a rinunciare al lavoro per curarsi dei figli, degli anziani. Oppure l\u2019innovazione: non \u00e8 solo questione di lanciare start up, il problema \u00e8 come sostenere il second step, il credito d\u2019impresa. Bisogna far dialogare meglio il finanziatore privato e il pubblico\u201d\"""", ""id"": ""24300234"", ""urlfonte"": ""https://www.ilfoglio.it/politica/2018/01/16/news/lombardia-pd-riformismo-spiegato-da-gori-intervista-173210/""}","<pre><yamldata>Nome: 'Giorgio Gori'
data: 20/01/2018
Nome fonte: 'Il Foglio'
urlfonte: 'https://www.ilfoglio.it/politica/2018/01/16/news/lombardia-pd-riformismo-spiegato-da-gori-intervista-173210/'
dichiarazione: '"""""" Tre priorità: lavoro, lavoro, lavoro’. Vuol dire potenziare il sistema dell’istruzione professionale, che è competenza regionale, e il welfare. Il basso accesso delle donne nel lavoro è anche causato dal poco che si è fatto per gli asili nido e per il sostegno dei malati: finisce che sono spesso le donne a rinunciare al lavoro per curarsi dei figli, degli anziani. Oppure l’innovazione: non è solo questione di lanciare start up, il problema è come sostenere il second step, il credito d’impresa. Bisogna far dialogare meglio il finanziatore privato e il pubblico”""'
id: '24300234'
</yamldata></pre>",open
https://github.com/HackForItaly/politicamentecorretto_data/issues/36,290179193,2018-01-20 17:32:48,2018-01-20 09:35:05,Le promesse elettorali di Attilio #Fontana #Lega su affitto Aler dimezzato per chi ha sempre pagato ,,,"[u'ACCETTATO', u'ANNO_2018', u'FORM', u'REGIONALI', u'Welfare']",,,"{""Nome"": ""Attilio Fontana"", ""Nome fonte"": ""Twitter @FontanaPres"", ""data"": ""20/01/2018"", ""dichiarazione"": ""nei quartieri popolari bisogna dare segnali a chi rispetta le regole: AFFITTO DIMEZZATO Aler PER CHI HA SEMPRE PAGATO"", ""id"": ""24299702"", ""urlfonte"": ""https://twitter.com/FontanaPres/status/954303260030132224""}","<pre><yamldata>Nome: 'Attilio Fontana'
data: 20/01/2018
Nome fonte: 'Twitter @FontanaPres'
urlfonte: 'https://twitter.com/FontanaPres/status/954303260030132224'
dichiarazione: 'nei quartieri popolari bisogna dare segnali a chi rispetta le regole: AFFITTO DIMEZZATO Aler PER CHI HA SEMPRE PAGATO'
id: '24299702'
</yamldata></pre>",open
https://github.com/HackForItaly/politicamentecorretto_data/issues/35,290178690,2018-01-20 09:40:21,2018-01-20 09:25:05,Le promesse elettorali di Dario #Violi #M5S  su sicurezza: porto d'armi per tenere cani feroci,,,"[u'ACCETTATO', u'ANNO_2018', u'FORM', u'Lombardia', u'Sicurezza']",,,"{""Nome"": ""Dario Violi"", ""Nome fonte"": ""Twitter @movianimalista"", ""data"": ""20/01/2018"", ""dichiarazione"": ""\u201cIn questi anni abbiamo visto ripetutamente quanti cani feroci hanno aggredito nei parchi bambini con ferite gravi e anche uccidendoli. Avere un cane comporta delle responsabilit\u00e0 e non tutti sono in grado di gestirli. Per cui se andremo al governo della Regione la nostra proposta, che riguarda solo razze molto aggressive, \u00e8 che sia istituito una sorta di \u2018porto d\u2019armi\u2019, di patentino, un corso di formazione che viene rilasciato prima di dare in mano un cane feroce a una persona\u201d"", ""id"": ""24299544"", ""urlfonte"": ""https://www.nelcuore.org/home/2018/01/19/violi-m5s-porto-darmi-per-tenere-cani-feroci/""}","<pre><yamldata>Nome: 'Dario Violi'
data: 20/01/2018
Nome fonte: 'Twitter @movianimalista'
urlfonte: 'https://www.nelcuore.org/home/2018/01/19/violi-m5s-porto-darmi-per-tenere-cani-feroci/'
dichiarazione: '“In questi anni abbiamo visto ripetutamente quanti cani feroci hanno aggredito nei parchi bambini con ferite gravi e anche uccidendoli. Avere un cane comporta delle responsabilità e non tutti sono in grado di gestirli. Per cui se andremo al governo della Regione la nostra proposta, che riguarda solo razze molto aggressive, è che sia istituito una sorta di ‘porto d’armi’, di patentino, un corso di formazione che viene rilasciato prima di dare in mano un cane feroce a una persona”'
id: '24299544'
</yamldata></pre>",open
https://github.com/HackForItaly/politicamentecorretto_data/issues/34,290170684,2018-01-20 18:02:04,2018-01-20 06:45:04,Le promesse elettorali di #EmmaBonino #piueuropa su immigrazione e criminalità: legalizzare clandestini che lavorano,,,"[u'ACCETTATO', u'ANNO_2018', u'FORM', u'Immigrazione', u'Legalit\xe0', u'POLITICHE']",,,"{""Nome"": ""Emma Bonino"", ""Nome fonte"": ""Tagada La7"", ""data"": ""20/01/2018"", ""dichiarazione"": ""Immigrati spesso costretti a lavorare in nero o essere manovali della criminalit\u00e0. Noi non proponiamo sanatoria indiscriminata ma il contrario: legalizzare chi lavora. Lo ha fatto nel 2002 un governo di destra."", ""id"": ""24297112"", ""urlfonte"": ""https://twitter.com/Piu_Europa/status/954350865464348672?ref_src=twcamp%5Ecopy%7Ctwsrc%5Eandroid%7Ctwgr%5Ecopy%7Ctwcon%5E7090%7Ctwterm%5E0""}","<pre><yamldata>Nome: 'Emma Bonino'
data: 20/01/2018
Nome fonte: 'Tagada La7'
urlfonte: 'https://twitter.com/Piu_Europa/status/954350865464348672?ref_src=twcamp%5Ecopy%7Ctwsrc%5Eandroid%7Ctwgr%5Ecopy%7Ctwcon%5E7090%7Ctwterm%5E0'
dichiarazione: 'Immigrati spesso costretti a lavorare in nero o essere manovali della criminalità. Noi non proponiamo sanatoria indiscriminata ma il contrario: legalizzare chi lavora. Lo ha fatto nel 2002 un governo di destra.'
id: '24297112'
</yamldata></pre>",open
https://github.com/HackForItaly/politicamentecorretto_data/issues/33,290127897,2018-01-19 22:44:31,2018-01-19 22:35:05,Le promesse elettorali di #MatteoSalvini #Lega su banche e risparmiatori,,,"[u'ACCETTATO', u'ANNO_2018', u'Economia', u'FORM', u'POLITICHE']",,,"{""Nome"": ""Matteo Salvini"", ""Nome fonte"": ""Pagine ufficiale Facebook"", ""data"": ""19/01/2018"", ""dichiarazione"": ""Da Presidente del Consiglio mi impegner\u00f2 a rimborsare i MILIONI di risparmiatori TRUFFATI.  Dove troveremo i soldi? Dal 2011 abbiamo REGALATO a Bruxelles 60 MILIARDI di euro per aiutare le banche di tutta Europa, adesso \u00e8 nostro DIRITTO usare quei fondi per salvare le banche italiane."", ""id"": ""24295156"", ""urlfonte"": ""https://www.facebook.com/salviniofficial/videos/10155446567788155/""}","<pre><yamldata>Nome: 'Matteo Salvini'
data: 19/01/2018
Nome fonte: 'Pagine ufficiale Facebook'
urlfonte: 'https://www.facebook.com/salviniofficial/videos/10155446567788155/'
dichiarazione: 'Da Presidente del Consiglio mi impegnerò a rimborsare i MILIONI di risparmiatori TRUFFATI.  Dove troveremo i soldi? Dal 2011 abbiamo REGALATO a Bruxelles 60 MILIARDI di euro per aiutare le banche di tutta Europa, adesso è nostro DIRITTO usare quei fondi per salvare le banche italiane.'
id: '24295156'
</yamldata></pre>",open
https://github.com/HackForItaly/politicamentecorretto_data/issues/32,290066748,2018-01-19 22:24:03,2018-01-19 18:30:06,Le promesse elettorali di Luigi #DiMaio #5stelle sulle pensioni,,,"[u'ACCETTATO', u'ANNO_2018', u'FORM', u'POLITICHE', u'Pensioni']",,,{},"<pre><yamldata>Nome: 'Luigi Di Maio'
data: 19/01/2018
Nome fonte: 'Ansa'
urlfonte: 'http://www.ansa.it/sito/notizie/topnews/2018/01/19/di-maio-con-noi-pensione-cittadinanza_d773a514-061b-487c-89cb-1caf4a030421.html'
dichiarazione: '""Nel nostro programma di governo noi proponiamo la pensione di cittadinanza: sono 780 euro di minima a tutti i pensionati e 1.170 euro al mese per una coppia"". Lo ha detto il candidato premier del M5s Luigi Di Maio al programma tv L''Aria che Tira.’
id: '24288939'
</yamldata></pre>",open
https://github.com/HackForItaly/politicamentecorretto_data/issues/31,289982931,2018-01-19 14:00:11,2018-01-19 13:55:04,Le promesse elettorali di #MatteoRenzi #Pd su salario minimo,,,"[u'ACCETTATO', u'ANNO_2018', u'FORM', u'Lavoro']",,,"{""Nome"": ""Matteo Renzi"", ""Nome fonte"": ""Huffington Post"", ""data"": ""19/01/2018"", ""dichiarazione"": ""\""Al Quotidiano nazionale il segretario del Pd, Matteo Renzi, illustra la sua proposta di \""\""un salario minimo legale tra i 9 e i 10 euro l'ora\""\"".\"""", ""id"": ""24272635"", ""urlfonte"": ""http://www.huffingtonpost.it/2018/01/08/renzi-lancia-la-proposta-del-salario-minimo-legale-tra-9-e-10-euro-lora_a_23326943/""}","<pre><yamldata>Nome: 'Matteo Renzi'
data: 19/01/2018
Nome fonte: 'Huffington Post'
urlfonte: 'http://www.huffingtonpost.it/2018/01/08/renzi-lancia-la-proposta-del-salario-minimo-legale-tra-9-e-10-euro-lora_a_23326943/'
dichiarazione: '""Al Quotidiano nazionale il segretario del Pd, Matteo Renzi, illustra la sua proposta di """"un salario minimo legale tra i 9 e i 10 euro l''ora"""".""'
id: '24272635'
</yamldata></pre>",open
https://github.com/HackForItaly/politicamentecorretto_data/issues/30,289973385,2018-01-19 14:02:21,2018-01-19 13:20:08,Le promesse elettorali di Debora #Serracchiani #Pd per la famiglia e i figli,,,"[u'ACCETTATO', u'ANNO_2018', u'FORM', u'POLITICHE', u'Welfare']",,,"{""Nome"": ""Debora Serracchiani"", ""Nome fonte"": ""Profilo ufficiale Twitter"", ""data"": ""19/01/2018"", ""dichiarazione"": ""\""\""\""Chi fa un figlio regala un pezzo di futuro all\u2019Italia. \u00c8 necessaria una misura universale di sostegno per le famiglie che scelgono di avere figli sull\u2019esempio del reddito d\u2019inclusione, misura universale di lotta alla povert\u00e0 gi\u00e0 introdotta\""\"".\"""", ""id"": ""24271268"", ""urlfonte"": ""https://twitter.com/serracchiani/status/954035673253769217""}","<pre><yamldata>Nome: 'Debora Serracchiani'
data: 19/01/2018
Nome fonte: 'Profilo ufficiale Twitter'
urlfonte: 'https://twitter.com/serracchiani/status/954035673253769217'
dichiarazione: '""""""Chi fa un figlio regala un pezzo di futuro all’Italia. È necessaria una misura universale di sostegno per le famiglie che scelgono di avere figli sull’esempio del reddito d’inclusione, misura universale di lotta alla povertà già introdotta"""".""'
id: '24271268'
</yamldata></pre>",open
https://github.com/HackForItaly/politicamentecorretto_data/issues/29,289973377,2018-01-19 15:37:45,2018-01-19 13:20:05,Le promesse elettorali di Daniele #Capezzone #NoiperlItalia su fiscalità ,,,"[u'ACCETTATO', u'ANNO_2018', u'FORM', u'Fiscalit\xe0', u'POLITICHE']",,,"{""Nome"": ""Daniele Capezzone (Noi per l'Italia)"", ""Nome fonte"": ""Sole 24 Ore"", ""data"": ""19/01/2018"", ""dichiarazione"": ""\""L\u2019Italia ha bisogno di uno scossone, di un vero e proprio shock, che non pu\u00f2 che partire da una rivoluzione fiscale e i presupposti per realizzarla ci sono\"", dichiara Daniele Capezzone di \u00abNoi con l\u2019Italia\u00bb (centrodestra) che propone un taglio fiscale per 40 miliardi a beneficio di famiglie, imprese, lavoratori, proprietari di immobili."", ""id"": ""24271238"", ""urlfonte"": ""http://www.ilsole24ore.com/art/notizie/2018-01-02/shock-fiscale-possibile-coperture-40-miliardi-212232.shtml?uuid=AE9zy7ZD"", ""wikidata"": ""Q784785""}","<pre><yamldata>Nome: 'Daniele Capezzone (Noi per l''Italia)'
data: 19/01/2018
Nome fonte: 'Sole 24 Ore'
urlfonte: 'http://www.ilsole24ore.com/art/notizie/2018-01-02/shock-fiscale-possibile-coperture-40-miliardi-212232.shtml?uuid=AE9zy7ZD'
dichiarazione: '""L’Italia ha bisogno di uno scossone, di un vero e proprio shock, che non può che partire da una rivoluzione fiscale e i presupposti per realizzarla ci sono"", dichiara Daniele Capezzone di «Noi con l’Italia» (centrodestra) che propone un taglio fiscale per 40 miliardi a beneficio di famiglie, imprese, lavoratori, proprietari di immobili.'
id: '24271238'
wikidata: 'Q784785'
</yamldata></pre>",open
https://github.com/HackForItaly/politicamentecorretto_data/issues/27,289959403,2018-01-19 14:00:29,2018-01-19 12:25:05,"Le promesse elettorali di Silvio #Berlusconi #ForzaItalia su tasse casa, auto e successioni",,,"[u'ACCETTATO', u'ANNO_2018', u'FORM', u'Fiscalit\xe0', u'POLITICHE']",,,"{""Nome"": ""Silvio Berlusconi"", ""Nome fonte"": ""La Stampa"", ""data"": ""19/01/2018"", ""dichiarazione"": ""Berlusconi: \u201cVia le tasse su casa, auto e successioni\u201d"", ""id"": ""24269667"", ""urlfonte"": ""http://www.lastampa.it/2018/01/19/italia/politica/berlusconi-via-le-tasse-su-casa-auto-e-successioni-cKo2R0d23Sx6E4lvMBKRqK/pagina.html""}","<pre><yamldata>Nome: 'Silvio Berlusconi'
data: 19/01/2018
Nome fonte: 'La Stampa'
urlfonte: 'http://www.lastampa.it/2018/01/19/italia/politica/berlusconi-via-le-tasse-su-casa-auto-e-successioni-cKo2R0d23Sx6E4lvMBKRqK/pagina.html'
dichiarazione: 'Berlusconi: “Via le tasse su casa, auto e successioni”'
id: '24269667'
</yamldata></pre>",open
https://github.com/HackForItaly/politicamentecorretto_data/issues/26,289946852,2018-01-19 13:41:47,2018-01-19 11:35:05,Le promesse elettorali di Silvio #Berlusconi #ForzaItalia in 10 punti,,,"[u'ACCETTATO', u'ANNO_2018', u'FORM', u'POLITICHE']",,,"{""Nome"": ""Silvio Berlusconi"", ""Nome fonte"": ""http://formiche.net/2018/01/19/programma-centrodestra-10-punti/"", ""data"": ""19/01/2018"", ""dichiarazione"": ""Programma elettorale Forza Italia"", ""id"": ""24268565"", ""urlfonte"": ""http://formiche.net/2018/01/19/programma-centrodestra-10-punti/""}","<pre><yamldata>Nome: 'Silvio Berlusconi'
data: 19/01/2018
Nome fonte: 'http://formiche.net/2018/01/19/programma-centrodestra-10-punti/'
urlfonte: 'http://formiche.net/2018/01/19/programma-centrodestra-10-punti/'
dichiarazione: 'Programma elettorale Forza Italia'
id: '24268565'
</yamldata></pre>",open
https://github.com/HackForItaly/politicamentecorretto_data/issues/25,289926508,2018-01-19 13:58:45,2018-01-19 10:20:06,Le promesse elettorali di #MatteoRenzi #Pd: 80 euro mensili a genitori per ogni figlio minorenne,,,"[u'ACCETTATO', u'ANNO_2018', u'FORM', u'POLITICHE', u'Welfare']",,,"{""Nome"": ""Matteo Renzi"", ""Nome fonte"": ""Huffington Post"", ""data"": ""19/01/2018"", ""dichiarazione"": ""\""\""\""Gli 80 euro al ceto medio sono stati contestati per anni. Ora persino gli avversari li difendono: prima ti insultano, poi ti copiano. Noi rilanciamo. Pensiamo che gli 80 euro netti mensili vadano estesi ai genitori per ciascun figlio minorenne. O una misura simile: fare un figlio non pu\u00f2 essere un problema economico. Incoraggiare la maternit\u00e0 passa anche da un sistema di servizi e di aiuti fiscali. Per ogni misura noi indicheremo le coperture\""\"".\"""", ""id"": ""24265616"", ""urlfonte"": ""http://www.huffingtonpost.it/2018/01/08/renzi-lancia-la-proposta-del-salario-minimo-legale-tra-9-e-10-euro-lora_a_23326943/""}","<pre><yamldata>Nome: 'Matteo Renzi'
data: 19/01/2018
Nome fonte: 'Huffington Post'
urlfonte: 'http://www.huffingtonpost.it/2018/01/08/renzi-lancia-la-proposta-del-salario-minimo-legale-tra-9-e-10-euro-lora_a_23326943/'
dichiarazione: '""""""Gli 80 euro al ceto medio sono stati contestati per anni. Ora persino gli avversari li difendono: prima ti insultano, poi ti copiano. Noi rilanciamo. Pensiamo che gli 80 euro netti mensili vadano estesi ai genitori per ciascun figlio minorenne. O una misura simile: fare un figlio non può essere un problema economico. Incoraggiare la maternità passa anche da un sistema di servizi e di aiuti fiscali. Per ogni misura noi indicheremo le coperture"""".""'
id: '24265616'
</yamldata></pre>",open
https://github.com/HackForItaly/politicamentecorretto_data/issues/24,289922105,2018-01-19 13:24:53,2018-01-19 10:05:05,Le promesse elettorali di #SergioPirozzi su famiglia e mamme ,,,"[u'ACCETTATO', u'ANNO_2018', u'FORM', u'Lazio', u'Questioni di genere', u'REGIONALI', u'Welfare']",,,"{""Nome"": ""Sergio Pirozzi"", ""Nome fonte"": ""Il Messaggero"", ""data"": ""17/01/2018"", ""dichiarazione"": ""\u00abLe mamme devono tornare a fare le mamme: da presidente proporr\u00f2 ore di lavoro pagate dalla Regione\u00bb: cos\u00ec il sindaco di Amatrice Sergio Pirozzi, candidato alla presidenza della Regione Lazio nella lista dello Scarpone durante l'evento di presentazione dei comitati a sostegno della sua candidatura all'Atlantico Live a Roma."", ""id"": ""24265093"", ""urlfonte"": ""http://ewww.ilmessaggero.it/primopiano/politica/lazio_pirozzi_renzi_zingaretti_mi_hanno_chiamato-3490258.html""}","<pre><yamldata>Nome: 'Sergio Pirozzi'
data: 17/01/2018
Nome fonte: 'Il Messaggero'
urlfonte: 'http://ewww.ilmessaggero.it/primopiano/politica/lazio_pirozzi_renzi_zingaretti_mi_hanno_chiamato-3490258.html'
dichiarazione: '«Le mamme devono tornare a fare le mamme: da presidente proporrò ore di lavoro pagate dalla Regione»: così il sindaco di Amatrice Sergio Pirozzi, candidato alla presidenza della Regione Lazio nella lista dello Scarpone durante l''evento di presentazione dei comitati a sostegno della sua candidatura all''Atlantico Live a Roma.'
id: '24265093'
</yamldata></pre>",open
https://github.com/HackForItaly/politicamentecorretto_data/issues/23,289415997,2018-01-19 13:54:52,2018-01-17 21:15:04,Le promesse elettorali di #Rosati #LeU su aumento stipendio insegnanti,,,"[u'ACCETTATO', u'ANNO_2018', u'FORM', u'Lombardia', u'REGIONALI', u'Scuola/Universit\xe0']",,,"{""Nome"": ""Onorio Rosati"", ""Nome fonte"": ""LeU Lombardia"", ""data"": ""17/01/2018"", ""dichiarazione"": ""\""SCUOLA: INSEGNANTI  \""\""Sono una risorsa preziosa per la nostra societ\u00e0, fondamentale. Ma guadagnano molto meno della media europea. Con Liberi e Uguali e Pietro Grasso vogliamo tornare a valorizzare la funzione delle nostre e dei nostri insegnanti.\""\"" (aumento stipendi)\"""", ""id"": ""24207716"", ""urlfonte"": ""https://www.facebook.com/Liberieugualilombardia/videos/895851520581684/""}","<pre><yamldata>Nome: 'Onorio Rosati'
data: 17/01/2018
Nome fonte: 'LeU Lombardia'
urlfonte: 'https://www.facebook.com/Liberieugualilombardia/videos/895851520581684/'
dichiarazione: '""SCUOLA: INSEGNANTI  """"Sono una risorsa preziosa per la nostra società, fondamentale. Ma guadagnano molto meno della media europea. Con Liberi e Uguali e Pietro Grasso vogliamo tornare a valorizzare la funzione delle nostre e dei nostri insegnanti."""" (aumento stipendi)""'
id: '24207716'
</yamldata></pre>",open
https://github.com/HackForItaly/politicamentecorretto_data/issues/22,289414596,2018-01-20 22:41:30,2018-01-17 21:10:05,Le promesse elettorali di #LeU con #Zingaretti sulla sanità nel Lazio,,,"[u'ACCETTATO', u'ANNO_2018', u'FORM', u'Lazio', u'REGIONALI', u'Sanit\xe0']",,,"{""Nome"": ""Nicola Zingaretti"", ""Nome fonte"": ""Affari Italiani"", ""data"": ""17/01/2018"", ""dichiarazione"": ""SANITA': Rispetto delle regole \u2013 come sull\u2019\u2019intramoenia, che sospenderemo in caso di liste d\u2019\u2019attesa troppo lunghe -, nuovi investimenti e nuovo personale saranno i tre pilastri su cui costruire il sistema della salute del Lazio del dopo commissariamento."", ""id"": ""24207671"", ""urlfonte"": ""http://www.affaritaliani.it/politica/palazzo-potere/elezioni-zingaretti-sono-un-alternativa-politica-al-rancore-collettivo-519545.html?refresh_ce""}","<pre><yamldata>Nome: 'Nicola Zingaretti'
data: 17/01/2018
Nome fonte: 'Affari Italiani'
urlfonte: 'http://www.affaritaliani.it/politica/palazzo-potere/elezioni-zingaretti-sono-un-alternativa-politica-al-rancore-collettivo-519545.html?refresh_ce'
dichiarazione: 'SANITA'': Rispetto delle regole – come sull’’intramoenia, che sospenderemo in caso di liste d’’attesa troppo lunghe -, nuovi investimenti e nuovo personale saranno i tre pilastri su cui costruire il sistema della salute del Lazio del dopo commissariamento.'
id: '24207671'
</yamldata></pre>",open
https://github.com/HackForItaly/politicamentecorretto_data/issues/21,289283946,2018-01-19 10:10:38,2018-01-17 14:25:05,Le promesse elettorali di #PiùEuropa con #EmmaBonino sulla cannabis,,,"[u'ACCETTATO', u'ANNO_2018', u'FORM', u'Legalit\xe0', u'POLITICHE', u'Sanit\xe0']",,,"{""Nome"": ""Pi\u00f9Europa con Emma Bonino"", ""Nome fonte"": ""Pagina Facebook ufficiale"", ""data"": ""17/01/2018"", ""dichiarazione"": ""Vogliamo autorizzare l\u2019auto-coltivazione fino a 5 piante, una regolamentazione della produzione e della vendita con regole precise, con chiare indicazioni sul livello di THC e con un efficiente sistema di sanzioni; vogliamo che la cannabis terapeutica sia garantita alle persone che soffrono di determinare patologie, e che vi sia un monitoraggio da parte del Ministero della Salute."", ""id"": ""24187462"", ""urlfonte"": ""https://www.facebook.com/piueuropa/photos/a.137798186887856.1073741830.126662574668084/137630563571285/?type=1&theater""}","<pre><yamldata>Nome: 'PiùEuropa con Emma Bonino'
data: 17/01/2018
Nome fonte: 'Pagina Facebook ufficiale'
urlfonte: 'https://www.facebook.com/piueuropa/photos/a.137798186887856.1073741830.126662574668084/137630563571285/?type=1&theater'
dichiarazione: 'Vogliamo autorizzare l’auto-coltivazione fino a 5 piante, una regolamentazione della produzione e della vendita con regole precise, con chiare indicazioni sul livello di THC e con un efficiente sistema di sanzioni; vogliamo che la cannabis terapeutica sia garantita alle persone che soffrono di determinare patologie, e che vi sia un monitoraggio da parte del Ministero della Salute.'
id: '24187462'
</yamldata></pre>",open
https://github.com/HackForItaly/politicamentecorretto_data/issues/20,289277350,2018-01-19 10:10:53,2018-01-17 14:05:04,Le promesse elettorali di #GiorgioGori #PD su diritto alla salute e superticket,,,"[u'ACCETTATO', u'ANNO_2018', u'FORM', u'Lombardia', u'REGIONALI', u'Sanit\xe0']",,,"{""Nome"": ""giorgio gori"", ""Nome fonte"": ""corriere della sera - milano cronaca"", ""data"": ""17/01/2018"", ""dichiarazione"": ""\u00abManterremo noi le promesse fatte da Maroni\u00bb. A partire dall\u2019abolizione delle liste d\u2019attesa negli ospedali pubblici : \u00abSi pu\u00f2 fare \u2014 ha affermato il sindaco dem di Bergamo \u2014. Faremo la battaglia noi per abolizione del super ticket, che \u00e8 uno strumento iniquo. In pi\u00f9 faremo due cose: investiremo pesantemente sulla prevenzione, l\u2019unico modo per rendere sostenibili sul lungo periodo i costi della sanit\u00e0, e porteremo le cure dentistiche, attualmente pagate privatamente dal 90 per cento dei cittadini nel perimetro della sistema sanitario lombardo, almeno per le cure riservate ai ragazzi fino a 18 anni\u00bb."", ""id"": ""24186509"", ""urlfonte"": ""http://milano.corriere.it/notizie/cronaca/17_novembre_19/milano-sfida-gori-lavoro-lotta-mafia-priorita-regione-28a3754c-cc99-11e7-b192-e3062d909ba1.shtml""}","<pre><yamldata>Nome: 'giorgio gori'
data: 17/01/2018
Nome fonte: 'corriere della sera - milano cronaca'
urlfonte: 'http://milano.corriere.it/notizie/cronaca/17_novembre_19/milano-sfida-gori-lavoro-lotta-mafia-priorita-regione-28a3754c-cc99-11e7-b192-e3062d909ba1.shtml'
dichiarazione: '«Manterremo noi le promesse fatte da Maroni». A partire dall’abolizione delle liste d’attesa negli ospedali pubblici : «Si può fare — ha affermato il sindaco dem di Bergamo —. Faremo la battaglia noi per abolizione del super ticket, che è uno strumento iniquo. In più faremo due cose: investiremo pesantemente sulla prevenzione, l’unico modo per rendere sostenibili sul lungo periodo i costi della sanità, e porteremo le cure dentistiche, attualmente pagate privatamente dal 90 per cento dei cittadini nel perimetro della sistema sanitario lombardo, almeno per le cure riservate ai ragazzi fino a 18 anni».'
id: '24186509'
</yamldata></pre>",open
https://github.com/HackForItaly/politicamentecorretto_data/issues/19,288899724,2018-01-19 10:11:08,2018-01-16 13:05:05,Le promesse elettorali di Silvio #Berlusconi sul reddito di dignità: mille euro mensili a tutti,,,"[u'ACCETTATO', u'ANNO_2018', u'FORM', u'POLITICHE', u'Welfare']",,,"{""Nome"": ""Silvio Berlusconi"", ""Nome fonte"": ""Corriere della Sera"", ""data"": ""16/01/2018"", ""dichiarazione"": ""\""Berlusconi lancia il reddito di dignit\u00e0: \""\""Mille euro al mese garantiti a tutti\""\""\"""", ""id"": ""24142541"", ""urlfonte"": ""http://www.corriere.it/politica/17_dicembre_27/berlusconi-lancia-reddito-dignita-mille-euro-mese-garantiti-tutti-4f4bd6c2-eb56-11e7-aee4-bc31285a7c38.shtml?refresh_ce-cp""}","<pre><yamldata>Nome: 'Silvio Berlusconi'
data: 16/01/2018
Nome fonte: 'Corriere della Sera'
urlfonte: 'http://www.corriere.it/politica/17_dicembre_27/berlusconi-lancia-reddito-dignita-mille-euro-mese-garantiti-tutti-4f4bd6c2-eb56-11e7-aee4-bc31285a7c38.shtml?refresh_ce-cp'
dichiarazione: '""Berlusconi lancia il reddito di dignità: """"Mille euro al mese garantiti a tutti""""""'
id: '24142541'
</yamldata></pre>",open
https://github.com/HackForItaly/politicamentecorretto_data/issues/18,288720128,2018-01-19 14:01:11,2018-01-15 21:25:05,Le promesse elettorali di Luigi #DiMaio #5stelle sui vaccini,,,"[u'ACCETTATO', u'ANNO_2018', u'FORM', u'POLITICHE', u'Sanit\xe0']",,,"{""Nome"": ""Luigi Di Maio"", ""Nome fonte"": ""La Repubblica"", ""data"": ""15/01/2018"", ""dichiarazione"": ""Faremo una legge per raccomandare i vaccini: siamo a favore della raccomandazione e per l'obbligo, ma come era inteso prima del decreto Lorenzin."", ""id"": ""24088737"", ""urlfonte"": ""http://www.repubblica.it/politica/2018/01/15/news/elezioni_di_maio_vaccini-186540482/?ref=RHPPLF-BH-I0-C8-P3-S2.5-T1"", ""wikidata"": ""Q13581225""}","<pre><yamldata>Nome: 'Luigi Di Maio'
data: 15/01/2018
Nome fonte: 'La Repubblica'
urlfonte: 'http://www.repubblica.it/politica/2018/01/15/news/elezioni_di_maio_vaccini-186540482/?ref=RHPPLF-BH-I0-C8-P3-S2.5-T1'
dichiarazione: 'Faremo una legge per raccomandare i vaccini: siamo a favore della raccomandazione e per l''obbligo, ma come era inteso prima del decreto Lorenzin.'
id: '24088737'
wikidata: 'Q13581225'
</yamldata></pre>",open
https://github.com/HackForItaly/politicamentecorretto_data/issues/16,288572375,2018-01-20 22:21:10,2018-01-15 12:05:05,Le promesse elettorali di #PietroGrasso #LeU per promuovere il diritto allo studio: via le tasse universitarie,,,"[u'ACCETTATO', u'ANNO_2018', u'FORM', u'Fiscalit\xe0', u'POLITICHE', u'Scuola/Universit\xe0']",,,{},"<pre><yamldata>Nome: 'Pietro Grasso (Liberi e Uguali)'
data: 15/01/2018
Nome fonte: 'Rai News'
urlfonte: 'http://www.rainews.it/dl/rainews/articoli/Grasso-come-Corbyn-Via-tasse-universita-Pd-lo-attacca-88bef3a9-571b-4f00-a274-b93d7dd16484.html'
dichiarazione: 'Dal palco della prima assemblea di Liberi e Uguali, il leader Pietro Grasso lancia la proposta di abolire le tasse universitarie. ‘""La misura - spiega - costa 1,6 miliardi: è un decimo dei 16 miliardi che ci costa lo spreco di sussidi dannosi all''ambiente, secondo i dati del ministero. Avere un''università gratuita significa credere davvero nei giovani e rendere l''Italia più competitiva""’.’
id: '24071463'
</yamldata></pre>",open
https://github.com/HackForItaly/politicamentecorretto_data/issues/14,288420281,2018-01-19 10:12:34,2018-01-14 16:21:37,Le promesse elettorali di Luigi #DiMaio #5Stelle sull’età pensionabile,,,"[u'ACCETTATO', u'ANNO_2018', u'FORM', u'Lavoro', u'POLITICHE', u'Pensioni']",,,"{""Nome"": ""Luigi Di Maio"", ""Nome fonte"": ""Ansa"", ""data"": ""14/01/2018"", ""dichiarazione"": ""\""\""\""Noi presto presenteremo il nostro programma che si chiama \""\""quota 41\""\"", si basa su un concetto che tu dopo 41 anni di lavoro devi andare in pensione\""\"" senza che ci sia il legame \""\""tra tempo di lavoro e et\u00e0 pensionabile\""\"". Il programma del M5S sulle pensioni \""\""sar\u00e0 presentato nei prossimi giorni\""\"", spiega Di Maio che sulla legge Fornero sottolinea: \""\""Va abolita non solo per chi deve andare in pensione ma per tutti i giovani\""\"" che ci andranno.\"""", ""urlfonte"": ""http://www.ansa.it/sito/notizie/politica/2018/01/10/m5s-di-maio-presenta-programma-e-candidato-lombardia-diretta_f6869b35-5a9b-4e0e-99ab-60aaf305deb4.html"", ""wikidata"": ""Q13581225""}","<pre><yamldata>Nome: 'Luigi Di Maio'
data: 14/01/2018
Nome fonte: 'Ansa'
urlfonte: 'http://www.ansa.it/sito/notizie/politica/2018/01/10/m5s-di-maio-presenta-programma-e-candidato-lombardia-diretta_f6869b35-5a9b-4e0e-99ab-60aaf305deb4.html'
dichiarazione: '""""""Noi presto presenteremo il nostro programma che si chiama """"quota 41"""", si basa su un concetto che tu dopo 41 anni di lavoro devi andare in pensione"""" senza che ci sia il legame """"tra tempo di lavoro e età pensionabile"""". Il programma del M5S sulle pensioni """"sarà presentato nei prossimi giorni"""", spiega Di Maio che sulla legge Fornero sottolinea: """"Va abolita non solo per chi deve andare in pensione ma per tutti i giovani"""" che ci andranno.""'
wikidata: 'Q13581225'
</yamldata></pre>",open
https://github.com/HackForItaly/politicamentecorretto_data/issues/10,288415988,2018-01-20 17:48:08,2018-01-14 15:20:05,Le promesse elettorali di Nicola #Fratoianni #LeU su Europa e politiche per il lavoro,,,"[u'ACCETTATO', u'ANNO_2018', u'Europa', u'FORM', u'Lavoro', u'POLITICHE', u'Politica Internazionale']",,,"{""Nome"": ""Nicola Fratoianni"", ""Nome fonte"": ""Pagina facebook"", ""data"": ""13/01/2018"", ""dichiarazione"": [""Cancellazione del Jobs Act e del decreto Poletti;"", ""Ripristino dell''articolo 18;"", ""Abolizione della precariet\u00e0;"", ""Un Piano per il lavoro e per gli investimenti a tutela del territorio, del patrimonio edilizio e delle opere utili;"", ""No al lavoro gratuito o sottopagato;"", {""Tutela dei lavoratori in appalto e subappalto e contrasto a finte cooperative e finte imprese. E poi la protezione dei lavoratori dagli effetti della globalizzazione"": null}, ""applicazione del Contratto Collettivo Nazionale per tutti;"", ""sanzioni per le imprese che delocalizzano;"", ""dazi per le imprese extra-UE che non rispettano i lavoratori e l''ambiente;"", ""Messa in discussione di trattati di libero scambio (CETA e TTIP).'""], ""urlfonte"": ""https://www.facebook.com/Fratoianni/posts/1352244441546114""}","<pre><yamldata>Nome: 'Nicola Fratoianni'
data: 13/01/2018
Nome fonte: 'Pagina facebook'
urlfonte: 'https://www.facebook.com/Fratoianni/posts/1352244441546114'
dichiarazione: 
- Cancellazione del Jobs Act e del decreto Poletti; 
- Ripristino dell''articolo 18; 
- Abolizione della precarietà; 
- Un Piano per il lavoro e per gli investimenti a tutela del territorio, del patrimonio edilizio e delle opere utili; 
- No al lavoro gratuito o sottopagato; 
- Tutela dei lavoratori in appalto e subappalto e contrasto a finte cooperative e finte imprese. E poi la protezione dei lavoratori dagli effetti della globalizzazione: 
- applicazione del Contratto Collettivo Nazionale per tutti; 
- sanzioni per le imprese che delocalizzano; 
- dazi per le imprese extra-UE che non rispettano i lavoratori e l''ambiente; 
- Messa in discussione di trattati di libero scambio (CETA e TTIP).'

</yamldata></pre>",open
